URL,TITLE
 페이약사 월급.jpg,http://www.ppomppu.co.kr/zboard/zboard.php?id=freeboard&no=6794341
 맘스터치 도발.jpg,http://www.ppomppu.co.kr/zboard/zboard.php?id=freeboard&no=6794337
 갤럭시탭s6 구매관련 질문드립니다.,http://www.ppomppu.co.kr/zboard/view.php?id=androidtab&no=155713
 조국 전 장관 변호인단 입장문,http://www.ppomppu.co.kr/zboard/view.php?id=issue&no=232672
 샤오미 미 10 Pro 5G 실기기 유출,http://www.ppomppu.co.kr/zboard/view.php?id=phone&no=3586398
 명동 노점상 근황 ㄷㄷㄷ.jpg,http://www.ppomppu.co.kr/zboard/zboard.php?id=freeboard&no=6794254
" 요즘 신축, 특히 주복 동간거리 살벌하네요",http://www.ppomppu.co.kr/zboard/view.php?id=house&no=137388
 현재 커플들 큰일난이유.jpg,http://www.ppomppu.co.kr/zboard/zboard.php?id=freeboard&no=6794326
 AMD 2600 보드고민입니다.,http://www.ppomppu.co.kr/zboard/view.php?id=computer&no=576010
 [위메프] 커피에반하다 아메리카노 HOT (500/무료배송),http://www.ppomppu.co.kr/zboard/view.php?id=ppomppu&no=341493
 토스 퀴즈 -모바일3,http://www.ppomppu.co.kr/zboard/zboard.php?id=freeboard&no=6794242
 우리나라 최초 자동차 인명사고.jpg,http://www.ppomppu.co.kr/zboard/view.php?id=humor&no=366224
 연말정산 120%설정하는게 나을까요?,http://www.ppomppu.co.kr/zboard/view.php?id=money&no=336628
 이제 어른티가 나네요 ^^,http://www.ppomppu.co.kr/zboard/view.php?id=free_gallery&no=264944
 노트10    ㅂㅇ  0원 이면  괜찮은조건인가요?  요금 6만원이상 .,http://www.ppomppu.co.kr/zboard/view.php?id=phone2&no=1795294
 [페이북] 투썸플레이스 아메리카노(R) (2870/무료) BC카드만 가능,http://www.ppomppu.co.kr/zboard/view.php?id=ppomppu&no=341474
 토스 정답 - 국민건강,http://www.ppomppu.co.kr/zboard/zboard.php?id=freeboard&no=6794315
 토스 - 처방조제비,http://www.ppomppu.co.kr/zboard/zboard.php?id=freeboard&no=6794168
 S10+ 세라믹화이트 이쁘네요,http://www.ppomppu.co.kr/zboard/view.php?id=phone&no=3586361
 연말정산 의료비 세액공제 요건 정리 표,http://www.ppomppu.co.kr/zboard/view.php?id=money&no=336606
-다음페이지,http://www.ppomppu.co.kr/hot.php?id=&page=2&category=999&search_type=&keyword=&page_num=&del_flag=
URL,TITLE
 연말정산 의료비 세액공제 요건 정리 표,http://www.ppomppu.co.kr/zboard/view.php?id=money&no=336606
 올해부터 먹으면 안되는 수산물.jpg,http://www.ppomppu.co.kr/zboard/zboard.php?id=freeboard&no=6794217
" ""무소음 마우스의 혁명"" 마닉 E5S",http://www.ppomppu.co.kr/zboard/view.php?id=review2&no=58185
 [속보] 윤석열 총장 고소했습니다.,http://www.ppomppu.co.kr/zboard/view.php?id=issue&no=232614
 평창올림픽 당시 외국인 선수단 셔틀버스.jpg,http://www.ppomppu.co.kr/zboard/view.php?id=humor&no=366249
 핫게간 1억짜리 당근 서리꾼들 후일담.jpg,http://www.ppomppu.co.kr/zboard/zboard.php?id=freeboard&no=6794235
 헬스가 너무 재미없어요...,http://www.ppomppu.co.kr/zboard/view.php?id=health&no=119081
 i5 2500에서 cpu변경의미 없겠지요?,http://www.ppomppu.co.kr/zboard/view.php?id=computer&no=575994
 폭등 관련 열띤 토론이 있었네요,http://www.ppomppu.co.kr/zboard/view.php?id=house&no=137421
 (후방) 52세 이탈리아 사업가 지안루카 바치.jpg,http://www.ppomppu.co.kr/zboard/zboard.php?id=freeboard&no=6794290
 만취한 여자친구에게 못된 장난침,http://www.ppomppu.co.kr/zboard/view.php?id=humor&no=366216
 삼촌차 이모부차 필수,http://www.ppomppu.co.kr/zboard/view.php?id=humor&no=366179
 추사랑 악뮤 이찬혁 디스,http://www.ppomppu.co.kr/zboard/zboard.php?id=freeboard&no=6794160
 제 여자친구 너무 이쁘지 않나요?ㅎㅎㅎㅎㅎㅎㅎㅎㅎㅎㅎㅎㅎㅎ,http://www.ppomppu.co.kr/zboard/zboard.php?id=freeboard&no=6794149
 새로 집을 샀는데 왜 그렇게 나쁜사람 만드시나요??,http://www.ppomppu.co.kr/zboard/view.php?id=house&no=137440
 세일 하는 3대 버거 당신의 선택은?,http://www.ppomppu.co.kr/zboard/zboard.php?id=freeboard&no=6794105
" [Amazon] All-New Fire HD 10 Tablet (10.1"" 1080p fu...",http://www.ppomppu.co.kr/zboard/view.php?id=ppomppu4&no=110711
 194cm 94kg 피지컬 클라스,http://www.ppomppu.co.kr/zboard/view.php?id=humor&no=366275
 남편이 제 모유를 먹었어요,http://www.ppomppu.co.kr/zboard/view.php?id=humor&no=366273
 여자들이 공중파 방송 점령하자!!!,http://www.ppomppu.co.kr/zboard/zboard.php?id=freeboard&no=6794216
-이전페이지,http://www.ppomppu.co.kr/hot.php?id=&page=1&category=999&search_type=&keyword=&page_num=&del_flag=
URL,TITLE
 한국 자살률 최악이었던 시절.jpg,http://www.ppomppu.co.kr/zboard/zboard.php?id=freeboard&no=6793979
 Mi대출도 막혔네요..,http://www.ppomppu.co.kr/zboard/view.php?id=house&no=137414
" 집 앞에 GV80이 서 있네요.jpg [사진 4장, 데이터 주의]",http://www.ppomppu.co.kr/zboard/view.php?id=car&no=782621
 FX8300...정말 오래가는군요,http://www.ppomppu.co.kr/zboard/view.php?id=computer&no=575903
" [비밀글] 미쳤다! 멈출 수 없는 매력의 구스통 마라탕! 지금부터 1세트 15,500...",http://www.ppomppu.co.kr/zboard/view.php?id=pmarket&no=257939
 나혼자 산다에 출연하여 피해입은 연예인,http://www.ppomppu.co.kr/zboard/view.php?id=humor&no=366256
 집에 돈이 많아야 공부도 잘한다는 증거,http://www.ppomppu.co.kr/zboard/zboard.php?id=freeboard&no=6794174
 섹시 댄스를 열화상으로 찍었더니,http://www.ppomppu.co.kr/zboard/view.php?id=humor&no=366282
 신격호 빈소에 도착한 이건희 조화,http://www.ppomppu.co.kr/zboard/zboard.php?id=freeboard&no=6794205
 알래스카에서 쓰레기 버리러 가면 겪는다는 일,http://www.ppomppu.co.kr/zboard/view.php?id=humor&no=366229
 죽고싶어 환장한 자라니들,http://www.ppomppu.co.kr/zboard/zboard.php?id=freeboard&no=6794143
 오늘 신도림 스크기변 v50 대란이라는 말이 있어요,http://www.ppomppu.co.kr/zboard/view.php?id=phone&no=3586406
 테라펀딩에서 원금 손실됐다고 문자왔네요.,http://www.ppomppu.co.kr/zboard/view.php?id=money&no=336534
 농협 레전드 사건,http://www.ppomppu.co.kr/zboard/view.php?id=humor&no=366295
 케찹 안나올 때 꿀팁,http://www.ppomppu.co.kr/zboard/zboard.php?id=freeboard&no=6794081
 거지같은 엠모바일앱..;,http://www.ppomppu.co.kr/zboard/view.php?id=phone&no=3586392
 당근 1억 서리.jpg,http://www.ppomppu.co.kr/zboard/view.php?id=humor&no=366287
 야한여자 구별법,http://www.ppomppu.co.kr/zboard/view.php?id=humor&no=366267
 현기를 떠날수 없는 이유,http://www.ppomppu.co.kr/zboard/view.php?id=car&no=782631
 [네이버] 오디오클립 오클락 미션 수행 (1주차 / ~ 01.26),http://www.ppomppu.co.kr/zboard/view.php?id=coupon&no=63856
-이전페이지,http://www.ppomppu.co.kr/hot.php?id=&page=2&category=999&search_type=&keyword=&page_num=&del_flag=
URL,TITLE
 [LGU+천마통신] @*뽐뿌고객님들이 인정한 개통후기글*@ / ## TV+3만원추가 ##...,http://www.ppomppu.co.kr/zboard/view.php?id=pmarket3&no=2394999
" ""박사"" 와 ""이학박사""의 차이",http://www.ppomppu.co.kr/zboard/zboard.php?id=freeboard&no=6793930
 해고 당했습니다..,http://www.ppomppu.co.kr/zboard/zboard.php?id=freeboard&no=6794097
 기안84 가 매입한 46억짜리 건물,http://www.ppomppu.co.kr/zboard/zboard.php?id=freeboard&no=6794161
 호주 우박 체감.gif,http://www.ppomppu.co.kr/zboard/zboard.php?id=freeboard&no=6794087
 페이북 투썸 아메리카노 2870,http://www.ppomppu.co.kr/zboard/zboard.php?id=freeboard&no=6794112
 아파트 관리비 청구서에 적십자회비내라고 찍혀있네요-.-;;(+청구서사진추가),http://www.ppomppu.co.kr/zboard/zboard.php?id=freeboard&no=6793596
 운동유트부 정보가 좋네여,http://www.ppomppu.co.kr/zboard/view.php?id=health&no=119080
 넥쏘 2000만원대.jpg,http://www.ppomppu.co.kr/zboard/zboard.php?id=freeboard&no=6794093
 v50s sk 기변 나쁘지 않네요,http://www.ppomppu.co.kr/zboard/view.php?id=phone&no=3586399
" 정부, 전·월세 5년 동결 검토",http://www.ppomppu.co.kr/zboard/view.php?id=house&no=137372
 직장 은퇴하고 만약 강남에 20억아파트를 영끌했다면?,http://www.ppomppu.co.kr/zboard/view.php?id=house&no=137423
 6년전 세계가 주목했던 의사.jpg,http://www.ppomppu.co.kr/zboard/view.php?id=humor&no=366247
 1차 세계대전 실제영상..ㄷㄷㄷㄷ,http://www.ppomppu.co.kr/zboard/zboard.php?id=freeboard&no=6794069
 올해 설선물 레전드,http://www.ppomppu.co.kr/zboard/view.php?id=humor&no=366152
 장박 이야기 두 번째_하얗게 불태웠어,http://www.ppomppu.co.kr/zboard/view.php?id=camping&no=241437
 어머니가  육포사건때문에  화많이나셨네요,http://www.ppomppu.co.kr/zboard/view.php?id=issue&no=232627
 30억 아파트 상속세…韓 8억 vs 美 0원,http://www.ppomppu.co.kr/zboard/view.php?id=house&no=137408
 [아마존] 샘소나이트 백팩 구매하셨던 분들 사기당한거 같네요!,http://www.ppomppu.co.kr/zboard/view.php?id=oversea&no=748472
 일본 방송...한국은 디저트 음식 최약체.jpg,http://www.ppomppu.co.kr/zboard/zboard.php?id=freeboard&no=6793727
-이전페이지,http://www.ppomppu.co.kr/hot.php?id=&page=3&category=999&search_type=&keyword=&page_num=&del_flag=
URL,TITLE
 [리브메이트] MOST 리터당 100원 할인권 (무료/무료),http://www.ppomppu.co.kr/zboard/view.php?id=ppomppu&no=341470
 SKT 기변 V50 89요금제 선약 19.. 낚시성이었나요?,http://www.ppomppu.co.kr/zboard/view.php?id=phone&no=3586379
 아른헨도 재조명,http://www.ppomppu.co.kr/zboard/zboard.php?id=freeboard&no=6793958
 50만원 언더로 컴퓨터 맞추는게 가능한가요?,http://www.ppomppu.co.kr/zboard/view.php?id=computer&no=576004
" 로LT, 프로톤LT, 감마MX 착샷",http://www.ppomppu.co.kr/zboard/view.php?id=climb&no=107558
" [SK스토아] 아워홈 지리산수 2L x 6병 (3,200원/무료배송) - 적립금, 두...",http://www.ppomppu.co.kr/zboard/view.php?id=ppomppu&no=341397
 금정산 설경 B&W,http://www.ppomppu.co.kr/zboard/view.php?id=climb&no=107554
 다시보는 19호 근황,http://www.ppomppu.co.kr/zboard/view.php?id=humor&no=366284
 LG W10 알파 출시!!,http://www.ppomppu.co.kr/zboard/view.php?id=phone&no=3586358
 이게 폭등입니다,http://www.ppomppu.co.kr/zboard/view.php?id=house&no=137429
" 확실히 라코스테, 헤지스, 빈폴, 폴로 정도 입으면...",http://www.ppomppu.co.kr/zboard/zboard.php?id=freeboard&no=6793903
" [우체국쇼핑몰]진안 늘푸른 메추리알 장조림(1kg+1kg)(1kg*2팩)(9,200/무료...",http://www.ppomppu.co.kr/zboard/view.php?id=ppomppu&no=341452
 [GOG] 위쳐1 무료배포 (더 위쳐 인핸스드 에디션) (무료/무료),http://www.ppomppu.co.kr/zboard/view.php?id=ppomppu&no=341429
 호불호 갈리는 반찬 jpg,http://www.ppomppu.co.kr/zboard/zboard.php?id=freeboard&no=6794025
" [G마켓] 이케아 LADDA 충전지 2000mAh 4개 (3,900원/2,500원)",http://www.ppomppu.co.kr/zboard/view.php?id=ppomppu&no=341383
 어느 카페 카운터에 붙어있는 메모.jpg,http://www.ppomppu.co.kr/zboard/zboard.php?id=freeboard&no=6793262
 꿍이,http://www.ppomppu.co.kr/zboard/view.php?id=free_gallery&no=264868
 [스타벅스] BTS 에디션.jpg,http://www.ppomppu.co.kr/zboard/zboard.php?id=freeboard&no=6794071
 [약혐] 퍽치기 당하는 여자,http://www.ppomppu.co.kr/zboard/zboard.php?id=freeboard&no=6792940
" [신한SOL, FAN] 01.21 - 매일매일 포인트 받는 신박한 퀴즈 정답",http://www.ppomppu.co.kr/zboard/view.php?id=mobile&no=14029
-이전페이지,http://www.ppomppu.co.kr/hot.php?id=&page=4&category=999&search_type=&keyword=&page_num=&del_flag=
URL,TITLE
 K5 2.0스피커 빠진 시그니쳐 풀옵,http://www.ppomppu.co.kr/zboard/view.php?id=car&no=782633
 가해차량이 무과실 주장한 사고,http://www.ppomppu.co.kr/zboard/zboard.php?id=freeboard&no=6794067
 이번주 버거킹 행사하네요,http://www.ppomppu.co.kr/zboard/zboard.php?id=freeboard&no=6793663
 3억2천만원 대출받아서 경기도아파트 매매는 어떤가요??,http://www.ppomppu.co.kr/zboard/view.php?id=house&no=137399
 현대차 영맨 무용지물 블루링크건 진행상황입니다 2,http://www.ppomppu.co.kr/zboard/view.php?id=car&no=782635
 기아 시승이벤트 발표났네요,http://www.ppomppu.co.kr/zboard/view.php?id=car&no=782557
 어른의 여유.jpg,http://www.ppomppu.co.kr/zboard/view.php?id=humor&no=366240
 허경영 근황,http://www.ppomppu.co.kr/zboard/zboard.php?id=freeboard&no=6793618
 오늘 신도림 발품 후기,http://www.ppomppu.co.kr/zboard/view.php?id=phone&no=3586382
 지금 q9원 18만에 중고 벌써 올라왔네요,http://www.ppomppu.co.kr/zboard/view.php?id=phone&no=3586271
 설날을 앞둔 한국의 마카롱 근황.jpg,http://www.ppomppu.co.kr/zboard/view.php?id=humor&no=366250
" 루머) 올해 나올 아이폰 성능, 컴퓨터 수준에 도달 ㄷㄷㄷ",http://www.ppomppu.co.kr/zboard/zboard.php?id=freeboard&no=6794012
 [위메프] CU 3천원권 (1500/무료배송),http://www.ppomppu.co.kr/zboard/view.php?id=ppomppu&no=341467
 V50 달리나봅니다~~,http://www.ppomppu.co.kr/zboard/view.php?id=phone&no=3586372
 요즘 한국에 자주 보인다는 바퀴벌레 (혐오주의),http://www.ppomppu.co.kr/zboard/zboard.php?id=freeboard&no=6793795
 롯데그룹 다음 상속자,http://www.ppomppu.co.kr/zboard/zboard.php?id=freeboard&no=6792917
 고등어냥,http://www.ppomppu.co.kr/zboard/view.php?id=free_gallery&no=264935
 이영자 맛집 모음.jpg,http://www.ppomppu.co.kr/zboard/zboard.php?id=freeboard&no=6794001
 [펌]메가박스 전주점 근황.jpg,http://www.ppomppu.co.kr/zboard/zboard.php?id=freeboard&no=6793949
 코스트코울양말후기,http://www.ppomppu.co.kr/zboard/view.php?id=climb&no=107549
-이전페이지,http://www.ppomppu.co.kr/hot.php?id=&page=5&category=999&search_type=&keyword=&page_num=&del_flag=
URL,TITLE
 타던차를 사촌이 사겠다고 합니다,http://www.ppomppu.co.kr/zboard/view.php?id=car&no=782610
 Gv80가 벤테이가를 닮긴 닮았네요,http://www.ppomppu.co.kr/zboard/view.php?id=car&no=782599
 호랑이 서열 1위.gif,http://www.ppomppu.co.kr/zboard/view.php?id=humor&no=366248
 죽이고 싶은 프로브.gif,http://www.ppomppu.co.kr/zboard/view.php?id=humor&no=366245
 최연소 스웨덴 환경운동가소녀 그레타툰베리 근황 . jpg,http://www.ppomppu.co.kr/zboard/zboard.php?id=freeboard&no=6794045
 토스 부동산 P2P 투자 손실입었습니다.... 주의하세요...,http://www.ppomppu.co.kr/zboard/zboard.php?id=freeboard&no=6793964
 요즘 호떡 수준,http://www.ppomppu.co.kr/zboard/view.php?id=humor&no=366225
 오또맘 실물샷을 보니,http://www.ppomppu.co.kr/zboard/zboard.php?id=freeboard&no=6794004
 연말정산 실손비 조회 엉망이네요..,http://www.ppomppu.co.kr/zboard/view.php?id=money&no=336471
 자유당 육포선물 생각보다 타격 커보입니다,http://www.ppomppu.co.kr/zboard/view.php?id=issue&no=232603
 이사할때 필요한 지식정보 끝판왕,http://www.ppomppu.co.kr/zboard/zboard.php?id=freeboard&no=6794035
 연말정산...별거 안해도 전액 환급이네요..? 잘된거맞을가요~?,http://www.ppomppu.co.kr/zboard/view.php?id=money&no=336600
 [리브메이트] 오늘의 퀴즈 1/21일자 정답,http://www.ppomppu.co.kr/zboard/view.php?id=mobile&no=14027
 결정세액이 정확히 먼가요??,http://www.ppomppu.co.kr/zboard/view.php?id=money&no=336456
 200119 덕유산 향적봉 사진 몇장,http://www.ppomppu.co.kr/zboard/view.php?id=climb&no=107550
 20200118 가지산 눈꽃산행,http://www.ppomppu.co.kr/zboard/view.php?id=climb&no=107547
 '영장내용 유출 혐의' 성창호 부장판사 등에 실형 구형,http://www.ppomppu.co.kr/zboard/view.php?id=issue&no=232586
 동대문 시장 레전드.jpg,http://www.ppomppu.co.kr/zboard/view.php?id=humor&no=366163
 국내 ‘99.9999999999%’ 불산 생산 가능,http://www.ppomppu.co.kr/zboard/view.php?id=issue&no=232553
 차에 깔린 고양이,http://www.ppomppu.co.kr/zboard/zboard.php?id=freeboard&no=6793892
-이전페이지,http://www.ppomppu.co.kr/hot.php?id=&page=6&category=999&search_type=&keyword=&page_num=&del_flag=
URL,TITLE
 아마존 Fire HD10 2019 대기전력 좋네요.. 제품 자체도 굿굿..,http://www.ppomppu.co.kr/zboard/view.php?id=androidtab&no=155695
 지갑쓰시는 분들 대부분 뭐 쓰시나요?,http://www.ppomppu.co.kr/zboard/view.php?id=money&no=336618
 아재 남자들만 알수 있는 실수....,http://www.ppomppu.co.kr/zboard/zboard.php?id=freeboard&no=6793982
" [티몬] 프리미엄 루테인 골드 등 90정 3개월분 (7,900원/무료배송) - 차이...",http://www.ppomppu.co.kr/zboard/view.php?id=ppomppu&no=341457
 본죽 본사의 씁쓸한 대처,http://www.ppomppu.co.kr/zboard/view.php?id=issue&no=232615
 갤s10플 리패키징 신한fan 타겟 할인,http://www.ppomppu.co.kr/zboard/view.php?id=phone&no=3586387
 수원이 오를거라 예상 하셨나요?,http://www.ppomppu.co.kr/zboard/view.php?id=house&no=137365
 샌디브릿지부터 인텔 CPU 성능향상이 미미하지 않았나요?,http://www.ppomppu.co.kr/zboard/view.php?id=computer&no=575989
 v50 선약이 10만원대면 뭐하나요..,http://www.ppomppu.co.kr/zboard/view.php?id=phone&no=3586375
 [정책브리핑] 제341회 정책퀴즈 이벤트,http://www.ppomppu.co.kr/zboard/view.php?id=event&no=81960
" [G9]머렐 아동 롱 구스다운  남/여 공용 (74,000원/무료배송) KB, NH카드...",http://www.ppomppu.co.kr/zboard/view.php?id=ppomppu&no=341447
 정채연 580일 사귄 남친이랑 헤어진 진짜 이유.jpg,http://www.ppomppu.co.kr/zboard/view.php?id=humor&no=366243
 은근히 기안84 무시하는 사람들 많더라고요,http://www.ppomppu.co.kr/zboard/zboard.php?id=freeboard&no=6793623
 갤탭 s5e 구입햇는데 질문드립니다!,http://www.ppomppu.co.kr/zboard/view.php?id=androidtab&no=155692
" 안내산악3-<2020/01/19 태백산 눈폭풍과 눈꽃,그리고 인파> -사진5...",http://www.ppomppu.co.kr/zboard/view.php?id=climb&no=107553
 SKT 노예 12년째 입니다..,http://www.ppomppu.co.kr/zboard/view.php?id=phone&no=3586269
 태사자 쿠팡맨 김형준은 대단하네요,http://www.ppomppu.co.kr/zboard/zboard.php?id=freeboard&no=6793902
" 기안84 40억 건물주, 여초커뮤니티 반응",http://www.ppomppu.co.kr/zboard/zboard.php?id=freeboard&no=6793603
 17년만에 다시 만난 올드보이,http://www.ppomppu.co.kr/zboard/zboard.php?id=freeboard&no=6792866
-이전페이지,http://www.ppomppu.co.kr/hot.php?id=&page=7&category=999&search_type=&keyword=&page_num=&del_flag=
URL,TITLE
 네팔 교사 실종사건은....,http://www.ppomppu.co.kr/zboard/zboard.php?id=freeboard&no=6792871
 방향지시등 켤때 사이드미러 LED 발광하는거 불법인가요...?,http://www.ppomppu.co.kr/zboard/view.php?id=car&no=782538
 q9one 15장 삿네요...  가개통폰...,http://www.ppomppu.co.kr/zboard/view.php?id=phone&no=3586267
 [11번가] 이디야커피 봄딸기라떼 30%할인 (2450/무료),http://www.ppomppu.co.kr/zboard/view.php?id=ppomppu&no=341455
 3초만에 2억날라가는 짤,http://www.ppomppu.co.kr/zboard/view.php?id=humor&no=366242
 lte 요금제도 무서운데 5g는 어휴..;;,http://www.ppomppu.co.kr/zboard/view.php?id=phone&no=3586383
 걸그룹 한손 옆돌기 모음 ㄷㄷㄷ.gif,http://www.ppomppu.co.kr/zboard/view.php?id=humor&no=366252
 피자헉 가격보소 ㅋㅋ,http://www.ppomppu.co.kr/zboard/zboard.php?id=freeboard&no=6793851
 [Amazon] 매트리스 방수커버 ($6.79/미국내무료),http://www.ppomppu.co.kr/zboard/view.php?id=ppomppu4&no=110708
 시선강탈 모음.gif,http://www.ppomppu.co.kr/zboard/view.php?id=humor&no=366141
 외장하드에 뭐 담으시나요?,http://www.ppomppu.co.kr/zboard/view.php?id=computer&no=575987
" [G9]  미콜 250ml x30캔 (4,500/무배) G마켓동일가격 카드사 4,250...",http://www.ppomppu.co.kr/zboard/view.php?id=ppomppu&no=341446
 직장인들 자유당 1호공약 깜놀할겁니다,http://www.ppomppu.co.kr/zboard/view.php?id=issue&no=232587
 연말정산 왜맨날 전 내죠..,http://www.ppomppu.co.kr/zboard/view.php?id=money&no=336584
 제대로 된 내일 장도리,http://www.ppomppu.co.kr/zboard/view.php?id=issue&no=232592
 시진핑 먹물녀 근황.jpg,http://www.ppomppu.co.kr/zboard/view.php?id=humor&no=366177
 삼성 A시리즈 사양입니다.,http://www.ppomppu.co.kr/zboard/view.php?id=phone&no=3586378
 회사 설 선물로 돼지 다릿살 받았어요...,http://www.ppomppu.co.kr/zboard/zboard.php?id=freeboard&no=6793671
 아이유도 소녀가장이네요 .jyp,http://www.ppomppu.co.kr/zboard/zboard.php?id=freeboard&no=6793909
 송가인 인이어 클라스.jpg,http://www.ppomppu.co.kr/zboard/view.php?id=humor&no=366244
-이전페이지,http://www.ppomppu.co.kr/hot.php?id=&page=8&category=999&search_type=&keyword=&page_num=&del_flag=
URL,TITLE
 20일자 OK캐쉬백 26P 받으세요 (푸쉬 25P + 배너 1P),http://www.ppomppu.co.kr/zboard/zboard.php?id=freeboard&no=6793716
 네팔 안나푸르나 실종 사건 교육청이 욕먹고 있는 이유.jpg,http://www.ppomppu.co.kr/zboard/zboard.php?id=freeboard&no=6793132
 흉악한 스페인 과일가격,http://www.ppomppu.co.kr/zboard/view.php?id=humor&no=366153
 클럽에서 강간당해서 우울한 여성..jpg,http://www.ppomppu.co.kr/zboard/view.php?id=humor&no=366201
 여성 포커플레이어가 싹쓸이하는 비결,http://www.ppomppu.co.kr/zboard/view.php?id=humor&no=366146
 [티몬] 켈로그 시리얼 2봉지 선택 + 사은품 (7900/무배) 차이5900,http://www.ppomppu.co.kr/zboard/view.php?id=ppomppu&no=341359
 6개월후에 보자 이 새X야..gif,http://www.ppomppu.co.kr/zboard/view.php?id=humor&no=366235
 윤석열 집단 안 나가는게 아니라 못 나가는 거 같은데요.,http://www.ppomppu.co.kr/zboard/view.php?id=issue&no=232559
 중국 부패 수준 ㄷㄷㄷㄷㄷㄷㄷㄷㄷㄷ,http://www.ppomppu.co.kr/zboard/zboard.php?id=freeboard&no=6793813
 메가박스 해치지않아 예매해드려요,http://www.ppomppu.co.kr/zboard/zboard.php?id=freeboard&no=6793908
 한국에서 시위하는 외국인,http://www.ppomppu.co.kr/zboard/zboard.php?id=freeboard&no=6793659
 [Ebay] (오픈박스) Dell UltraSharp U2717D 모니터 ($199.99/...,http://www.ppomppu.co.kr/zboard/view.php?id=ppomppu4&no=110702
 G8 ThinQ 은 이제 별 18정도 달고 나오는군요.,http://www.ppomppu.co.kr/zboard/view.php?id=phone&no=3586363
 편의점 월급 근황.jpg,http://www.ppomppu.co.kr/zboard/view.php?id=humor&no=366185
 두 번 접히는 삼성 갤럭시 폴드 Z 포스터 유출,http://www.ppomppu.co.kr/zboard/view.php?id=phone&no=3586362
 더이상 관종 진씨글 퍼오지 마세요(내용 무),http://www.ppomppu.co.kr/zboard/view.php?id=issue&no=232570
 후방주의)))90%의 남자는 발견 못하는 사진.jpg,http://www.ppomppu.co.kr/zboard/view.php?id=humor&no=366217
 회식 때 사표 생각나는 순간,http://www.ppomppu.co.kr/zboard/view.php?id=humor&no=366140
-이전페이지,http://www.ppomppu.co.kr/hot.php?id=&page=9&category=999&search_type=&keyword=&page_num=&del_flag=
